<?xml version='1.0' encoding='UTF-8'?>
<DSTI>
  <Title>Grand Teste</Title>
  <Description>Exemple très compliqué.
9 étas du mondes, 7 agents.</Description>
  <Method>Dempster-Shafer</Method>
  <Decision>Optimiste</Decision>
  <Etats>
    <Etat id="h2" title="Zakaria"/>
    <Etat id="h3" title="Ahmed"/>
    <Etat id="h8" title="Youcef"/>
    <Etat id="h35" title="Walid"/>
    <Etat id="h36" title="Fayçal"/>
    <Etat id="h37" title="Krimou"/>
    <Etat id="h39" title="Houssam"/>
    <Etat id="h40" title="Brahim"/>
    <Etat id="h57" title="Tahar"/>
  </Etats>
  <Hypotheses>
    <Hypothese id="h3-h8-h2"/>
    <Hypothese id="h3-h35-h8-h2"/>
    <Hypothese id="h35-h2"/>
    <Hypothese id="h3-h36-h35"/>
    <Hypothese id="h36-h8-h2"/>
    <Hypothese id="h3-h36-h8"/>
    <Hypothese id="h3-h36-h39-h37-h35"/>
    <Hypothese id="h3-h35-h2"/>
    <Hypothese id="h3-h40-h39-h37-h35"/>
    <Hypothese id="h3-h36-h39-h35-h8-h2"/>
    <Hypothese id="h3-h40-h36-h39-h35-h8"/>
    <Hypothese id="h40-h37-h35"/>
    <Hypothese id="h40-h36-h39-h35-h8"/>
    <Hypothese id="h3-h40-h36-h39-h35"/>
    <Hypothese id="h3-h36-h39-h35-h2"/>
    <Hypothese id="h40-h39-h57-h8"/>
    <Hypothese id="h3-h40-h37-h8-h2"/>
    <Hypothese id="h40-h39-h37-h57-h2"/>
    <Hypothese id="h3-h36-h39-h37-h57-h2"/>
    <Hypothese id="h3-h40-h36-h37-h57-h2"/>
    <Hypothese id="h37-h57-h2"/>
    <Hypothese id="h3-h37-h57-h8-h2"/>
    <Hypothese id="h3-h40-h36-h57-h2"/>
  </Hypotheses>
  <Agents>
    <Agent disabled="false" id="a9" name="Lokmane" reliability="0.94">
      <Knowledge id="h3-h8-h2" mass="0.09"/>
      <Knowledge id="h35-h2" mass="0.06"/>
      <Knowledge id="h36-h8-h2" mass="0.14"/>
      <Knowledge id="h3-h36-h39-h37-h35" mass="0.11"/>
      <Knowledge id="h3-h35-h2" mass="0.09"/>
      <Knowledge id="h40-h37-h35" mass="0.09"/>
      <Knowledge id="h40-h36-h39-h35-h8" mass="0.05"/>
      <Knowledge id="h3-h40-h36-h39-h35" mass="0.07"/>
      <Knowledge id="h3-h36-h39-h35-h2" mass="0.12"/>
      <Knowledge id="h3-h40-h39-h37-h35" mass="0.13"/>
      <Knowledge id="h3-h37-h57-h8-h2" mass="0.05"/>
    </Agent>
    <Agent disabled="false" id="a10" name="Lamine" reliability="0.97">
      <Knowledge id="h36-h8-h2" mass="0.06"/>
      <Knowledge id="h3-h36-h39-h37-h35" mass="0.15"/>
      <Knowledge id="h3-h36-h39-h35-h8-h2" mass="0.11"/>
      <Knowledge id="h3-h35-h2" mass="0.06"/>
      <Knowledge id="h3-h40-h36-h39-h35-h8" mass="0.05"/>
      <Knowledge id="h40-h36-h39-h35-h8" mass="0.07"/>
      <Knowledge id="h3-h36-h39-h35-h2" mass="0.16"/>
      <Knowledge id="h3-h40-h39-h37-h35" mass="0.12"/>
      <Knowledge id="h3-h8-h2" mass="0.09"/>
      <Knowledge id="h3-h40-h36-h37-h57-h2" mass="0.07"/>
      <Knowledge id="h3-h40-h36-h57-h2" mass="0.06"/>
    </Agent>
    <Agent disabled="false" id="a11" name="Said" reliability="0.96">
      <Knowledge id="h3-h8-h2" mass="0.07"/>
      <Knowledge id="h36-h8-h2" mass="0.16"/>
      <Knowledge id="h3-h36-h8" mass="0.11"/>
      <Knowledge id="h3-h36-h39-h35-h8-h2" mass="0.12"/>
      <Knowledge id="h40-h37-h35" mass="0.14"/>
      <Knowledge id="h3-h40-h36-h39-h35-h8" mass="0.09"/>
      <Knowledge id="h40-h36-h39-h35-h8" mass="0.19"/>
      <Knowledge id="h3-h40-h36-h39-h35" mass="0.12"/>
    </Agent>
    <Agent disabled="false" id="a12" name="Abd Elhadi" reliability="0.97">
      <Knowledge id="h36-h8-h2" mass="0.18"/>
      <Knowledge id="h3-h40-h39-h37-h35" mass="0.12"/>
      <Knowledge id="h3-h36-h39-h35-h8-h2" mass="0.13"/>
      <Knowledge id="h40-h36-h39-h35-h8" mass="0.15"/>
      <Knowledge id="h3-h35-h2" mass="0.1"/>
      <Knowledge id="h3-h40-h36-h39-h35-h8" mass="0.08"/>
      <Knowledge id="h3-h40-h36-h39-h35" mass="0.14"/>
      <Knowledge id="h3-h36-h35" mass="0.1"/>
    </Agent>
    <Agent disabled="false" id="a13" name="Badis" reliability="0.95">
      <Knowledge id="h3-h36-h39-h37-h35" mass="0.14"/>
      <Knowledge id="h35-h2" mass="0.1"/>
      <Knowledge id="h3-h40-h36-h39-h35-h8" mass="0.12"/>
      <Knowledge id="h40-h37-h35" mass="0.09"/>
      <Knowledge id="h3-h36-h39-h35-h8-h2" mass="0.13"/>
      <Knowledge id="h3-h40-h36-h39-h35" mass="0.16"/>
      <Knowledge id="h40-h36-h39-h35-h8" mass="0.15"/>
      <Knowledge id="h3-h40-h36-h57-h2" mass="0.09"/>
    </Agent>
    <Agent disabled="false" id="a14" name="Lies" reliability="0.92">
      <Knowledge id="h40-h39-h37-h57-h2" mass="0.12"/>
      <Knowledge id="h3-h40-h36-h37-h57-h2" mass="0.08"/>
      <Knowledge id="h3-h37-h57-h8-h2" mass="0.08"/>
      <Knowledge id="h40-h37-h35" mass="0.12"/>
      <Knowledge id="h3-h36-h8" mass="0.09"/>
      <Knowledge id="h3-h36-h39-h37-h35" mass="0.15"/>
      <Knowledge id="h3-h40-h36-h39-h35-h8" mass="0.13"/>
      <Knowledge id="h37-h57-h2" mass="0.18"/>
      <Knowledge id="h3-h40-h36-h57-h2" mass="0.05"/>
    </Agent>
    <Agent disabled="false" id="a15" name="Mustapha" reliability="0.91">
      <Knowledge id="h3-h36-h35" mass="0.08"/>
      <Knowledge id="h3-h40-h36-h39-h35" mass="0.19"/>
      <Knowledge id="h40-h39-h57-h8" mass="0.14"/>
      <Knowledge id="h3-h36-h39-h35-h2" mass="0.16"/>
      <Knowledge id="h37-h57-h2" mass="0.09"/>
      <Knowledge id="h3-h36-h39-h37-h57-h2" mass="0.14"/>
      <Knowledge id="h3-h40-h36-h57-h2" mass="0.2"/>
    </Agent>
  </Agents>
</DSTI>
